finding_id,claim,evidence_location,verified_on,verdict
EV-01,"Enum #1 is a live StrEnum modelling what a WP produces",src/specify_cli/ownership/models.py:21,2026-08-21 (HEAD c44b4bcf87),confirmed
EV-02,"Enum #2 is a dead enum.Enum pairing worktree/code_change",src/mission_runtime/context.py:42,2026-08-21 (HEAD c44b4bcf87),confirmed
EV-03,"Enum #2 has no member consumers in src/ (.WORKTREE/.CODE_CHANGE unused)",git grep over src/,2026-08-21 (HEAD c44b4bcf87),confirmed
EV-04,"Enum #2 exported via mission_runtime __all__",src/mission_runtime/__init__.py:32 and :82,2026-08-21 (HEAD c44b4bcf87),confirmed
EV-05,"Enum #2 pinned by architectural surface test",tests/architectural/test_mission_runtime_surface.py:53,2026-08-21 (HEAD c44b4bcf87),confirmed
EV-06,"Enum #2 governed by canonical-surface ADR",docs/adr/3.x/2026-06-07-1-execution-state-canonical-surface.md,2026-08-21 (HEAD c44b4bcf87),confirmed
EV-07,"Enum #3 is the external published type used for status payloads",src/specify_cli/cli/commands/agent/tasks_transition_core.py:218 and :229,2026-08-21 (HEAD c44b4bcf87),confirmed
EV-08,"Enum #1 consumed by 9 in-repo modules (rename blast radius)",ownership/{models,__init__,inference,validation}.py; core/worktree.py; lanes/{compute,implement_support}.py; workspace/context.py; cli/commands/agent/mission_parsing.py,2026-08-21 (HEAD c44b4bcf87),confirmed
EV-09,"infer_execution_mode function name and execution_mode field name are stable (not renamed)",src/specify_cli/ownership/inference.py:60; src/specify_cli/ownership/models.py:47,2026-08-21 (HEAD c44b4bcf87),confirmed
